Aatrox Top ;
Ahri Mid ;
Akali Mid ;
Alistar Support ;
Amumu Jungle ;
Anivia Mid Support ;
Annie Mid Support ;
Aphelios ADC ;
Ashe ADC ;
Aurelion Sol Mid ;
Azir Mid ;
Bard Support ;
Blitzcrank Support ;
Brand Support Mid ;
Braum Support ;
Caitlyn ADC ;
Camille Top Jungle ;
Cassiopeia Mid ;
Cho'Gath Top Mid ;
Corki Mid ADC ;
Darius Top ;
Diana Mid Jungle ;
Dr. Mundo Top Jungle ;
Draven ADC ;
Ekko Mid Jungle ;
Elise Jungle ;
Evelynn Jungle ;
Ezreal ADC Mid ;
Fiddlesticks Jungle ;
Fiora Top ;
Fizz Mid ;
Galio Mid Support ;
Gangplank Top Mid ;
Garen Top ;
Gnar Top ;
Gragas Mid Jungle Top ;
Graves Jungle Top ;
Hecarim Jungle ;
Heimerdinger Mid Top ;
Illaoi Top ;
Irelia Top Mid ;
Ivern Jungle ;
Janna Support ;
Jarvan IV Jungle Top ;
Jax Top Jungle ;
Jayce Top Mid ;
Jhin ADC ;
Jinx ADC ;
Kai'Sa ADC ;
Kalista ADC Top;
Karma Support ;
Karthus Mid Jungle ;
Kassadin Mid Top ;
Katarina Mid ;
Kayle Top Mid ;
Kayn Jungle ;
Kennen Top Mid ;
Kha'Zix Jungle ;
Kindred Jungle ;
Kled Top ;
Kog'Maw ADC ;
LeBlanc Mid ;
Lee Sin Jungle ;
Leona Support ;
Lillia Jungle ;
Lissandra Mid Support ;
Lucian ADC Mid ;
Lulu Support Top ;
Lux Support ;
Malphite Top Mid Jungle Support ;
Malzahar Mid Support ;
Maokai Top Support ;
Master Yi Jungle ;
Miss Fortune ADC ;
Mordekaiser Top Mid ;
Morgana Support Mid ;
Nami Support ;
Nasus Top Jungle ;
Nautilus Support Top ;
Neeko Mid Support ;
Nidalee Jungle Mid ;
Nocturne Jungle Mid ;
Nunu & Willump Jungle ;
Olaf Jungle ;
Orianna Mid ;
Ornn Top ;
Pantheon Top Mid ;
Poppy Top Jungle ;
Pyke Support Mid ;
Qiyana Mid ;
Quinn Top ADC ;
Rakan Support ;
Rammus Jungle ;
Rek'Sai Jungle ;
Rell Support ;
Renekton Top Mid ;
Rengar Jungle Top ;
Riven Top ;
Rumble Mid Top ;
Ryze Mid Top ;
Samira ADC ;
Sejuani Jungle ;
Senna ADC Support ;
Seraphine Mid Support ;
Sett Top Support ;
Shaco Jungle ;
Shen Top Support ;
Shyvana Jungle ;
Singed Top ;
Sion Top ;
Sivir ADC ;
Skarner Jungle ;
Sona Support ;
Soraka Support ;
Swain Mid Support ;
Sylas Mid Top;
Syndra Mid ADC ;
Tahm Kench Support Top Jungle ;
Taliyah Mid Jungle ;
Talon Mid ;
Taric Support ;
Teemo Top Support ;
Thresh Support ;
Tristana ADC ;
Trundle Jungle Top ;
Tryndamere Top Jungle ;
Twisted Fate Mid ;
Twitch ADC ;
Udyr Jungle ;
Urgot Top ;
Varus ADC Mid ;
Vayne ADC Top ;
Veigar Mid Support ;
Vel'Koz Mid Support ;
Vi Jungle ;
Viego Top Jungle ;
Viktor Mid ;
Vladimir Top Mid ;
Volibear Top Jungle ;
Warwick Jungle ;
Wukong Top Jungle ;
Xayah ADC ;
Xerath Mid Support ;
Xin Zhao Jungle Top ;
Yasuo Mid ADC ;
Yone Mid Top ;
Yorick Top ;
Yuumi Support ;
Zac Jungle Top ;
Zed Mid ;
Ziggs Mid ADC ;
Zilean Support Mid ;
Zoe Mid Support ;
Zyra Support Mid ;